['Albert', 'Erik']
['Albert', 'Erik']
['Albert', 'Erik']
['Albert', 'Erik']
['Albert', 'Erik']
['Albert', 'Erik']
['Albert', 'Erik']
['Albert', 'Erik']
['Albert', 'Erik']
['Albert', 'Erik']
['Albert', 'Erik']
['Albert', 'Erik']
['Albert', 'Erik']
['Albert', 'Erik']
['Albert', 'Erik']
['Kevin', 'Marcel']
['Kevin', 'Marcel']
['Kevin', 'Marcel']
['Kevin', 'Marcel']
['Kevin', 'Marcel']
['Kevin', 'Marcel']
['Kevin', 'Marcel']
['Kevin', 'Marcel']
['Kevin', 'Marcel']
['Kevin', 'Marcel']
['Kevin', 'Marcel']
['Kevin', 'Marcel']
['Kevin', 'Marcel']
['Kevin', 'Marcel']
['Kevin', 'Marcel']
['Kevin', 'Marcel']
['Kevin', 'Marcel']
['Kevin', 'Marcel']
['Kevin', 'Marcel']
['Kevin', 'Marcel']
['Kevin', 'Marcel']
['Kevin', 'Marcel']
['Kevin', 'Marcel']
['Kevin', 'Marcel']
['Kevin', 'Marcel']
['Kevin', 'Marcel']
['Kevin', 'Marcel']
['Kevin', 'Marcel']
['Kevin', 'Marcel']
['Kevin', 'Marcel']
['Kevin', 'Marcel']
['Kevin', 'Marcel']
['Kevin', 'Marcel']
['Kevin', 'Marcel']
['Kevin', 'Marcel']
['Kevin', 'Marcel']
['Kevin', 'Marcel']
['Eline', 'Kevin']
['Eline', 'Kevin']
['Eline', 'Kevin']
['Eline', 'Kevin']
['Eline', 'Kevin']
['Eline', 'Kevin']
['Eline', 'Kevin']
['Eline', 'Kevin']
['Eline', 'Kevin']
['Eline', 'Kevin']
['Eline', 'Kevin']
['Eline', 'Kevin']
['Eline', 'Kevin']
['Eline', 'Kevin']
['Eline', 'Kevin']
['Eline', 'Kevin']
['Eline', 'Kevin']
['Eline', 'Kevin']
['Eline', 'Kevin']
['Eline', 'Kevin']
['Eline', 'Kevin']
['Eline', 'Kevin']
['Eline', 'Kevin']
['Eline', 'Kevin']
['Eline', 'Kevin']
['Eline', 'Kevin']
['Eline', 'Kevin']
['Eline', 'Kevin']
['Eline', 'Kevin']
['Eline', 'Kevin']
['Albert', 'Erik', 'Marcel']
['Albert', 'Erik', 'Marcel']
['Albert', 'Erik', 'Marcel']
['Albert', 'Erik', 'Marcel']
['Albert', 'Erik', 'Marcel']
['Albert', 'Erik', 'Marcel']
['Albert', 'Erik', 'Marcel']
['Albert', 'Erik', 'Marcel']
['Albert', 'Erik', 'Marcel']
['Albert', 'Erik', 'Marcel']
['Albert', 'Erik', 'Marcel']
['Albert', 'Erik', 'Marcel']
['Albert', 'Erik', 'Marcel']
['Albert', 'Erik', 'Marcel']
['Albert', 'Erik', 'Marcel']
['Albert', 'Erik', 'Marcel']
['Albert', 'Erik', 'Marcel']
['Albert', 'Erik', 'Marcel']
['Albert', 'Erik', 'Marcel']
['Albert', 'Erik', 'Marcel']
['Albert', 'Erik', 'Marcel']
['Albert', 'Erik', 'Marcel']
['Albert', 'Erik', 'Marcel']
['Albert', 'Erik', 'Marcel']
['Albert', 'Erik', 'Marcel']
['Albert', 'Erik', 'Marcel']
['Albert', 'Erik', 'Marcel']
['Marcel']
['Marcel']
['Marcel']
['Marcel']
['Marcel']
['Marcel']
['Marcel']
['Marcel']
['Marcel']
['Marcel']
['Marcel']
['Marcel']
['Albert']
['Albert']
['Albert']
['Albert']
['Albert']
['Albert']
['Albert']
['Albert']
['Albert']
['Albert']
['Albert']
['Albert']
['Kevin']
['Kevin']
['Kevin']
['Kevin']
['Kevin']
['Kevin']
['Kevin']
['Kevin']
['Kevin']
['Kevin']
['Eline']
['Eline']
['Eline']
['Eline']
['Eline']
['Eline']
['Eline']
['Eline']
['Eline']
['Eline']
['Eline']
['Eline']
['Eline']
['Eline']
['Eline']
['Eline']
['Eline']
['Eline']
['Eline']
['Eline']
['Eline']
['Eline']
['Eline']
['Eline']
['Eline']
['Albert', 'Eline', 'Marcel']
['Albert', 'Eline', 'Marcel']
['Albert', 'Eline', 'Marcel']
['Albert', 'Eline', 'Marcel']
['Albert', 'Eline', 'Marcel']
['Albert', 'Eline', 'Marcel']
['Albert', 'Eline', 'Marcel']
['Albert', 'Eline', 'Marcel']
['Albert', 'Eline', 'Marcel']
['Albert', 'Eline', 'Marcel']
['Albert', 'Eline', 'Marcel']
['Albert', 'Eline', 'Marcel']
['Albert', 'Eline', 'Marcel']
['Albert', 'Eline', 'Marcel']
['Albert', 'Eline', 'Marcel']
['Albert', 'Eline', 'Marcel']
['Albert', 'Eline', 'Marcel']
['Erik']
['Erik']
['Erik']
['Erik']
['Erik']
['Erik']
['Erik']
['Erik']
['Erik']
['Erik']
['Erik']
['Erik']
['Erik']
['Erik']
['Erik']
['Erik']
['Erik']
['Erik']
['Erik']
['Erik']
['Erik']
['Erik']
['Erik']
['Erik']
['Erik']
['Erik']
['Erik']
['Erik']
['Erik']
['Erik']
['Erik']
['Erik']
['Erik']
['Erik']
['Erik']
['Erik']
['Erik']
['Erik']
['Erik']
['Erik']
['Erik']
['Eline', 'Erik']
['Eline', 'Erik']
['Eline', 'Erik']
['Eline', 'Erik']
['Eline', 'Erik']
['Eline', 'Erik']
['Eline', 'Erik']
['Eline', 'Erik']
['Eline', 'Erik']
['Eline', 'Erik']
['Eline', 'Erik']
['Eline', 'Erik']
['Eline', 'Erik']
['Eline', 'Erik']
['Eline', 'Erik']
['Eline', 'Erik']
['Eline', 'Erik']
['Eline', 'Erik']
['Eline', 'Erik']
['Eline', 'Erik']
['Eline', 'Erik']
['Eline', 'Erik']
['Eline', 'Erik']
['Eline', 'Erik']
['Eline', 'Erik']
['Eline', 'Erik']
['Eline', 'Erik']
['Eline', 'Erik']
['Eline', 'Erik']
['Eline', 'Erik']
['Eline', 'Erik']
['Eline', 'Erik']
['Eline', 'Erik']
['Eline', 'Erik']
['Eline', 'Erik']
['Albert', 'Kevin']
['Albert', 'Kevin']
['Albert', 'Kevin']
['Albert', 'Kevin']
['Albert', 'Kevin']
['Albert', 'Kevin']
['Albert', 'Kevin']
['Albert', 'Kevin']
['Albert', 'Kevin']
['Albert', 'Kevin']
['Albert', 'Kevin']
['Albert', 'Kevin']
['Albert', 'Kevin']
['Albert', 'Kevin']
['Albert', 'Kevin']
['Albert', 'Kevin']
['Albert', 'Kevin']
['Albert', 'Kevin']
['Albert', 'Kevin']
['Albert', 'Kevin']
['Albert', 'Kevin']
['Albert', 'Kevin']
['Albert', 'Kevin']
['Albert', 'Kevin']
['Albert', 'Kevin']
['Albert', 'Kevin']
['Albert', 'Kevin']
['Albert', 'Kevin']
['Albert', 'Kevin']
['Albert', 'Kevin']
['Albert', 'Kevin']
['Albert', 'Kevin']
['Albert', 'Kevin']
